journal_name,issn
Nature Medicine,1078-8956
The Lancet,0140-6736
New England Journal of Medicine,0028-4793
Journal of Clinical Oncology,0732-183X
Cell,0092-8674
Nature Genetics,1061-4036
Molecular Biology and Evolution,0737-4038
Journal of Ecology,0022-0477
Physical Review Letters,0031-9007
Journal of Applied Physics,0021-8979
Astrophysical Journal,0004-637X
Journal of the American Chemical Society,0002-7863
Angewandte Chemie International Edition,1433-7851
Analytical Chemistry,0003-2700
IEEE Transactions on Pattern Analysis and Machine Intelligence,0162-8828
Journal of Machine Learning Research,1532-4435
ACM Computing Surveys,0360-0300
IEEE Transactions on Software Engineering,0098-5589
Annals of Mathematics,0003-486X
Journal of the American Statistical Association,0162-1459
American Economic Review,0002-8282
Journal of Finance,0022-1082
Academy of Management Journal,0001-4273
Journal of Marketing,0022-2429
Psychological Science,0956-7976
American Sociological Review,0003-1224
Journal of Educational Psychology,0022-0663
Harvard Law Review,0017-811X
Journal of Civil Engineering and Management,1392-3730
Environmental Science & Technology,0013-936X
Journal of Mechanical Design,1050-0472
Journal of Asian Studies,0021-9118
