journal_name,issn,category,secondary_categories,matched_keywords
Nature Medicine,1078-8956,醫學,,medicine
The Lancet,0140-6736,醫學,,lancet
New England Journal of Medicine,0028-4793,醫學,,medicine
Journal of Clinical Oncology,0732-183X,醫學,,clinical; oncolog
Cell,0092-8674,生命科學,,cell
Nature Genetics,1061-4036,生命科學,,genetic
Molecular Biology and Evolution,0737-4038,生命科學,,biolog; molecular; evolution
Journal of Ecology,0022-0477,環境與地球科學,,ecolog
Physical Review Letters,0031-9007,物理與天文,,physic
Journal of Applied Physics,0021-8979,物理與天文,,physic
Astrophysical Journal,0004-637X,物理與天文,,astrophysic
Journal of the American Chemical Society,0002-7863,化學,,chem
Angewandte Chemie International Edition,1433-7851,化學,,chem
Analytical Chemistry,0003-2700,化學,,chem
IEEE Transactions on Pattern Analysis and Machine Intelligence,0162-8828,資訊科學,,machine intelligence; pattern analysis
Journal of Machine Learning Research,1532-4435,資訊科學,,machine learning
ACM Computing Surveys,0360-0300,資訊科學,,comput; acm
IEEE Transactions on Software Engineering,0098-5589,資訊科學,工程,software; engineer
Annals of Mathematics,0003-486X,數學與統計,,mathemat
Journal of the American Statistical Association,0162-1459,數學與統計,,statistic
American Economic Review,0002-8282,經濟與財務,,econom
Journal of Finance,0022-1082,經濟與財務,,financ
Academy of Management Journal,0001-4273,商管,,management
Journal of Marketing,0022-2429,商管,,marketing
Psychological Science,0956-7976,心理學,,psycholog
American Sociological Review,0003-1224,社會科學,,sociolog
Journal of Educational Psychology,0022-0663,教育,心理學,educat; psycholog
Harvard Law Review,0017-811X,法律,,law
Journal of Civil Engineering and Management,1392-3730,工程,商管,engineer; civil; management
Environmental Science & Technology,0013-936X,環境與地球科學,,environment
Journal of Mechanical Design,1050-0472,工程,,mechanical; design
Journal of Asian Studies,0021-9118,人文,,asian studies
